Name,Email,Country,Phone,Email2,Dob
Aarav Sharma,as@gmail.com,Indian,(23) 7282-944237,aarav.sharma@yahoo.com,12-24-1945,77years5months1days
Aditi Kapoor,ak@gmail.com,Indian,(37) 7033-294505,aditi.kapoor@yahoo.com,12-13-1951,71years5months12days
Akash Singhania,as@gmail.com,Indian,(56) 2420-569123,akash.singhania@yahoo.com,08-27-1998,24years8months28days
Alisha Deshmukh,ad@gmail.com,Indian,(59) 5215-242607,alisha.deshmukh@yahoo.com,01-24-1973,50years4months1days
Amit Patel,ap@gmail.com,Indian,(37) 4266-825344,amit.patel@yahoo.com,07-22-1961,61years10months3days
Anaya Gupta,ag@gmail.com,Indian,(34) 9300-694256,anaya.gupta@yahoo.com,04-17-1999,24years1months8days
Anika Malhotra,am@gmail.com,Indian,(50) 1127-309399,anika.malhotra@yahoo.com,07-25-1923,99years10months0days
Arjun Chatterjee,ac@gmail.com,Indian,(78) 1384-363364,arjun.chatterjee@yahoo.com,11-07-2004,18years6months18days
Arpita Banerjee,ab@gmail.com,Indian,(57) 9415-510423,arpita.banerjee@yahoo.com,02-11-1962,61years3months14days
Aryan Sengupta,as@gmail.com,Indian,(91) 8589-790818,aryan.sengupta@yahoo.com,02-14-1993,30years3months11days
Avani Shah,as@gmail.com,Indian,(74) 4092-865212,avani.shah@yahoo.com,12-16-2001,21years5months9days
Bhavya Joshi,bj@gmail.com,Indian,(96) 4395-867573,bhavya.joshi@yahoo.com,11-12-1948,74years6months13days
Deepika Verma,dv@gmail.com,Indian,(59) 3913-189070,deepika.verma@yahoo.com,06-23-2001,21years11months2days
Dhruv Mehta,dm@gmail.com,Indian,(38) 4466-229706,dhruv.mehta@yahoo.com,06-11-1995,27years11months14days
Diya Reddy,dr@gmail.com,Indian,(13) 9599-776302,diya.reddy@yahoo.com,03-15-2004,19years2months10days
Divya Sharma,ds@gmail.com,Indian,(63) 4573-285892,divya.sharma@yahoo.com,02-01-1969,54years3months24days
Esha Patel,ep@gmail.com,Indian,(29) 4563-588404,esha.patel@yahoo.com,04-02-1953,70years1months23days
Gaurav Singh,gs@gmail.com,Indian,(62) 7523-487921,gaurav.singh@yahoo.com,10-25-1925,97years7months0days
Gayatri Iyer,gi@gmail.com,Indian,(28) 8695-967959,gayatri.iyer@yahoo.com,06-01-1983,39years11months24days
Harshita Bhatia,hb@gmail.com,Indian,(39) 7494-152864,harshita.bhatia@yahoo.com,10-29-1985,37years6months26days
Ishaan Ahuja,ia@gmail.com,Indian,(66) 9562-113931,ishaan.ahuja@yahoo.com,02-09-1970,53years3months16days
Janvi Gupta,jg@gmail.com,Indian,(18) 8193-311491,janvi.gupta@yahoo.com,08-09-1990,32years9months16days
Kabir Rao,kr@gmail.com,Indian,(48) 4962-448447,kabir.rao@yahoo.com,04-12-1972,51years1months13days
Kavya Sharma,ks@gmail.com,Indian,(60) 8884-338854,kavya.sharma@yahoo.com,05-02-1989,34years0months23days
Kiara Prakash,kp@gmail.com,Indian,(94) 1096-972649,kiara.prakash@yahoo.com,04-19-1983,40years1months6days
Krish Shah,ks@gmail.com,Indian,(11) 4823-444816,krish.shah@yahoo.com,11-09-1948,74years6months16days
Mahi Malhotra,mm@gmail.com,Indian,(48) 1343-220801,mahi.malhotra@yahoo.com,05-23-1958,65years0months2days
Manisha Khanna,mk@gmail.com,Indian,(70) 2235-194938,manisha.khanna@yahoo.com,07-28-1988,34years9months27days
Mohan Joshi,mj@gmail.com,Indian,(29) 5584-831254,mohan.joshi@yahoo.com,07-16-1938,84years10months9days
Nandini Chauhan,nc@gmail.com,Indian,(76) 5491-114132,nandini.chauhan@yahoo.com,07-14-1943,79years10months11days
Niharika Kapoor,nk@gmail.com,Indian,(91) 1475-592894,niharika.kapoor@yahoo.com,12-12-1998,24years5months13days
Nisha Saxena,ns@gmail.com,Indian,(77) 4750-515007,nisha.saxena@yahoo.com,01-10-1956,67years4months15days
Omkar Patel,op@gmail.com,Indian,(12) 5445-172081,omkar.patel@yahoo.com,02-18-1932,91years3months7days
Pooja Srinivasan,ps@gmail.com,Indian,(39) 6466-711711,pooja.srinivasan@yahoo.com,07-22-1955,67years10months3days
Pranav Sharma,ps@gmail.com,Indian,(90) 2982-766852,pranav.sharma@yahoo.com,12-25-1969,53years5months0days
Prisha Gupta,pg@gmail.com,Indian,(52) 1975-677113,prisha.gupta@yahoo.com,05-27-1943,79years11months28days
Rajat Verma,rv@gmail.com,Indian,(18) 2328-264188,rajat.verma@yahoo.com,01-14-1979,44years4months11days
Rhea Sinha,rs@gmail.com,Indian,(29) 2502-212339,rhea.sinha@yahoo.com,03-24-1947,76years2months1days
Rohan Bajaj,rb@gmail.com,Indian,(11) 1561-735207,rohan.bajaj@yahoo.com,02-17-1998,25years3months8days
Riya Patel,rp@gmail.com,Indian,(51) 8817-767473,riya.patel@yahoo.com,11-28-1965,57years5months27days
Sahil Kapoor,sk@gmail.com,Indian,(13) 4385-355329,sahil.kapoor@yahoo.com,06-03-1961,61years11months22days
Samaira Singh,ss@gmail.com,Indian,(65) 4432-905094,samaira.singh@yahoo.com,11-04-1990,32years6months21days
Sanjay Dasgupta,sd@gmail.com,Indian,(91) 9391-790335,sanjay.dasgupta@yahoo.com,03-23-1985,38years2months2days
Sarika Mehta,sm@gmail.com,Indian,(40) 2526-856245,sarika.mehta@yahoo.com,10-03-1972,50years7months22days
Shreya Agarwal,sa@gmail.com,Indian,(79) 1029-948041,shreya.agarwal@yahoo.com,11-01-1939,83years6months24days
Siddharth Singhania,ss@gmail.com,Indian,(57) 1536-358037,siddharth.singhania@yahoo.com,05-10-1988,35years0months15days
Sonali Sharma,ss@gmail.com,Indian,(95) 8909-712202,sonali.sharma@yahoo.com,12-05-1924,98years5months20days
Tanvi Banerjee,tb@gmail.com,Indian,(66) 2320-713494,tanvi.banerjee@yahoo.com,11-20-1956,66years6months5days
Trisha Shah,ts@gmail.com,Indian,(65) 9462-914072,trisha.shah@yahoo.com,07-30-1962,60years9months25days
Uday Khatri,uk@gmail.com,Indian,(59) 8415-156236,uday.khatri@yahoo.com,07-28-1948,74years9months27days
Varun Sharma,vs@gmail.com,Indian,(19) 6009-735628,varun.sharma@yahoo.com,07-09-1947,75years10months16days
Vedika Gupta,vg@gmail.com,Indian,(74) 7933-293772,vedika.gupta@yahoo.com,05-25-1928,95years0months0days
Vihan Malhotra,vm@gmail.com,Indian,(57) 5927-557181,vihan.malhotra@yahoo.com,06-27-1975,47years10months28days
Yashvi Patel,yp@gmail.com,Indian,(70) 1012-156350,yashvi.patel@yahoo.com,05-24-1941,82years0months1days
Zara Reddy,zr@gmail.com,Indian,(28) 1055-592503,zara.reddy@yahoo.com,01-26-1926,97years3months29days
Abhinav Kapoor,ak@gmail.com,Indian,(14) 4094-110959,abhinav.kapoor@yahoo.com,03-18-1975,48years2months7days
Aditi Chatterjee,ac@gmail.com,Indian,(60) 6719-807262,aditi.chatterjee@yahoo.com,04-27-1981,42years0months28days
Alok Sengupta,as@gmail.com,Indian,(74) 6394-748416,alok.sengupta@yahoo.com,08-26-1962,60years8months29days
Amaya Bhatia,ab@gmail.com,Indian,(30) 4182-365560,amaya.bhatia@yahoo.com,01-19-1994,29years4months6days
Anushka Sharma,as@gmail.com,Indian,(74) 9944-149531,anushka.sharma@yahoo.com,03-23-1948,75years2months2days
Aarush Singh,as@gmail.com,Indian,(28) 2950-359994,aarush.singh@yahoo.com,09-13-1961,61years8months12days
Avani Iyer,ai@gmail.com,Indian,(50) 8549-647060,avani.iyer@yahoo.com,09-02-2004,18years8months23days
Bhavya Ahuja,ba@gmail.com,Indian,(34) 7057-631108,bhavya.ahuja@yahoo.com,01-01-1947,76years4months24days
Chetan Verma,cv@gmail.com,Indian,(49) 8662-356883,chetan.verma@yahoo.com,12-31-1998,24years4months25days
Deeksha Patel,dp@gmail.com,Indian,(52) 2064-948547,deeksha.patel@yahoo.com,09-28-1943,79years7months27days
Devika Shah,ds@gmail.com,Indian,(55) 6484-547974,devika.shah@yahoo.com,04-16-2000,23years1months9days
Divya Malhotra,dm@gmail.com,Indian,(60) 2547-347157,divya.malhotra@yahoo.com,08-22-1983,39years9months3days
Eesha Gupta,eg@gmail.com,Indian,(15) 1431-876719,eesha.gupta@yahoo.com,02-03-1952,71years3months22days
Gaurav Chauhan,gc@gmail.com,Indian,(13) 7013-281555,gaurav.chauhan@yahoo.com,08-14-1940,82years9months11days
Gayatri Kapoor,gk@gmail.com,Indian,(81) 7275-138761,gayatri.kapoor@yahoo.com,07-04-1972,50years10months21days
Harsh Sharma,hs@gmail.com,Indian,(33) 5967-223997,harsh.sharma@yahoo.com,10-14-1961,61years7months11days
Ishaan Bajaj,ib@gmail.com,Indian,(31) 1343-243456,ishaan.bajaj@yahoo.com,02-25-1967,56years3months0days
Janhvi Mehta,jm@gmail.com,Indian,(48) 4262-627702,janhvi.mehta@yahoo.com,02-21-1929,94years3months4days
Kabir Kapoor,kk@gmail.com,Indian,(45) 4651-980716,kabir.kapoor@yahoo.com,05-24-1979,44years0months1days
Kavya Saxena,ks@gmail.com,Indian,(36) 6777-654330,kavya.saxena@yahoo.com,04-22-1990,33years1months3days
Kiara Joshi,kj@gmail.com,Indian,(34) 1578-315885,kiara.joshi@yahoo.com,02-13-1928,95years3months12days
Krish Mehta,km@gmail.com,Indian,(88) 4861-514460,krish.mehta@yahoo.com,06-05-1961,61years11months20days
Mahi Sharma,ms@gmail.com,Indian,(48) 1322-259883,mahi.sharma@yahoo.com,01-21-1940,83years4months4days
Manisha Kumar,mk@gmail.com,Indian,(19) 4378-444741,manisha.kumar@yahoo.com,03-09-1974,49years2months16days
Mohit Kapoor,mk@gmail.com,Indian,(47) 4124-222046,mohit.kapoor@yahoo.com,06-01-1994,28years11months24days
Nandini Sinha,ns@gmail.com,Indian,(91) 3569-183986,nandini.sinha@yahoo.com,05-19-2005,18years0months6days
Niharika Bhatia,nb@gmail.com,Indian,(73) 7629-627034,niharika.bhatia@yahoo.com,11-20-1935,87years6months5days
Nisha Verma,nv@gmail.com,Indian,(96) 2114-401923,nisha.verma@yahoo.com,03-13-1926,97years2months12days
Om Patel,op@gmail.com,Indian,(24) 5327-854736,om.patel@yahoo.com,12-11-1943,79years5months14days
Pooja Dasgupta,pd@gmail.com,Indian,(68) 5984-334932,pooja.dasgupta@yahoo.com,12-24-1929,93years5months1days
Pranav Mehta,pm@gmail.com,Indian,(60) 2258-557251,pranav.mehta@yahoo.com,04-13-1942,81years1months12days
Prisha Saxena,ps@gmail.com,Indian,(49) 1257-134339,prisha.saxena@yahoo.com,01-08-1962,61years4months17days
Rajat Khanna,rk@gmail.com,Indian,(11) 3528-283315,rajat.khanna@yahoo.com,03-15-1993,30years2months10days
Riya Chauhan,rc@gmail.com,Indian,(51) 7183-871600,riya.chauhan@yahoo.com,12-15-1964,58years5months10days
Sahil Malhotra,sm@gmail.com,Indian,(13) 5295-800380,sahil.malhotra@yahoo.com,01-25-1974,49years4months0days
Samaira Sharma,ss@gmail.com,Indian,(74) 3611-303233,samaira.sharma@yahoo.com,04-04-1965,58years1months21days
Sanjay Srinivasan,ss@gmail.com,Indian,(11) 2570-872675,sanjay.srinivasan@yahoo.com,12-02-1933,89years5months23days
Sarika Singh,ss@gmail.com,Indian,(51) 6062-180014,sarika.singh@yahoo.com,08-04-1923,99years9months21days
Shreya Das,sd@gmail.com,Indian,(28) 2900-995582,shreya.das@yahoo.com,12-21-1960,62years5months4days
Siddharth Banerjee,sb@gmail.com,Indian,(13) 3704-216479,siddharth.banerjee@yahoo.com,03-30-1999,24years1months25days
Sonali Gupta,sg@gmail.com,Indian,(95) 4419-948867,sonali.gupta@yahoo.com,10-01-1989,33years7months24days
Tanvi Mehta,tm@gmail.com,Indian,(65) 6496-161944,tanvi.mehta@yahoo.com,04-20-1986,37years1months5days
Trisha Verma,tv@gmail.com,Indian,(84) 8274-556872,trisha.verma@yahoo.com,03-19-1926,97years2months6days
Uday Kapoor,uk@gmail.com,Indian,(95) 2376-241683,uday.kapoor@yahoo.com,06-07-1957,65years11months18days
Vedika Bajaj,vb@gmail.com,Indian,(90) 1699-698014,vedika.bajaj@yahoo.com,12-25-1952,70years5months0days
