Name,Email,Phone,Country
Name,Email,Phone,Country,nn@gmail.com,(847) 259-5297,Indian
Name                                Email                     Country  ,nc@gmail.com,(932) 238-4422,Indian,n2@gmail.com,(402) 247-9089,Indian
Name                                Email                     Country,            nc@gmail.com,             Indian,ni@gmail.com,(616) 763-3029,Indian,n7@gmail.com,(932) 493-3426,Indian
131@example.com: Arya Bansal,            1b@gmail.com,             India,            1i@gmail.com,             Indian,1i@gmail.com,(456) 921-4840,Indian,19@gmail.com,(558) 976-4889,Indian
131@example.com: Aditi Bansal,            1b@gmail.com,             India,            1i@gmail.com,             Indian,1i@gmail.com,(427) 416-2315,Indian,14@gmail.com,(450) 788-8112,Indian
145@example.com: Aditi Patel,            1p@gmail.com,             India,            1i@gmail.com,             Indian,1i@gmail.com,(500) 516-2665,Indian,15@gmail.com,(255) 388-3995,Indian
142@example.com: Aarav Mehta,            1m@gmail.com,             India,            1i@gmail.com,             Indian,1i@gmail.com,(919) 878-8519,Indian,18@gmail.com,(438) 349-1781,Indian
141@example.com: Ishita Das,            1d@gmail.com,             India,            1i@gmail.com,             Indian,1i@gmail.com,(458) 815-1633,Indian,18@gmail.com,(290) 563-5089,Indian
148@example.com: Gaurav Mehta,            1m@gmail.com,             India,            1i@gmail.com,             Indian,1i@gmail.com,(228) 924-2420,Indian,19@gmail.com,(719) 339-5333,Indian
140@example.com: Akshay Kumar,            1k@gmail.com,             India,            1i@gmail.com,             Indian,1i@gmail.com,(960) 947-2368,Indian,19@gmail.com,(392) 735-7872,Indian
130@example.com: Aditi Agarwal,            1a@gmail.com,             India,            1i@gmail.com,             Indian,1i@gmail.com,(409) 541-6487,Indian,15@gmail.com,(684) 484-2450,Indian
145@example.com: Avinash Patel,            1p@gmail.com,             India,            1i@gmail.com,             Indian,1i@gmail.com,(440) 772-3912,Indian,17@gmail.com,(429) 918-4962,Indian
140@example.com: Aarav Kumar,            1k@gmail.com,             India,            1i@gmail.com,             Indian,1i@gmail.com,(888) 437-3983,Indian,14@gmail.com,(792) 670-8051,Indian
133@example.com: Arya Das,            1d@gmail.com,             India,            1i@gmail.com,             Indian,1i@gmail.com,(454) 344-6583,Indian,13@gmail.com,(989) 509-8128,Indian
156@example.com: Ishita Singh,            1s@gmail.com,             India,            1i@gmail.com,             Indian,1i@gmail.com,(667) 805-9696,Indian,18@gmail.com,(625) 986-4499,Indian
130@example.com: Aditi Agarwal,            1a@gmail.com,             India,            1i@gmail.com,             Indian,1i@gmail.com,(414) 777-8199,Indian,17@gmail.com,(582) 744-8555,Indian
136@example.com: Arjun Gupta,            1g@gmail.com,             India,            1i@gmail.com,             Indian,1i@gmail.com,(969) 460-7665,Indian,14@gmail.com,(365) 822-1722,Indian
145@example.com: Akshay Patel,            1p@gmail.com,             India,            1i@gmail.com,             Indian,1i@gmail.com,(415) 961-9447,Indian,19@gmail.com,(652) 501-4281,Indian
140@example.com: Akshay Kumar,            1k@gmail.com,             India,            1i@gmail.com,             Indian,1i@gmail.com,(561) 278-2302,Indian,12@gmail.com,(410) 434-1824,Indian
142@example.com: Ananya Mehta,            1m@gmail.com,             India,            1i@gmail.com,             Indian,1i@gmail.com,(270) 660-5374,Indian,16@gmail.com,(861) 589-2856,Indian
148@example.com: Aditi Singh,            1s@gmail.com,             India,            1i@gmail.com,             Indian,1i@gmail.com,(843) 313-5008,Indian,13@gmail.com,(986) 264-5216,Indian
145@example.com: Aditi Patel,            1p@gmail.com,             India,            1i@gmail.com,             Indian,1i@gmail.com,(964) 944-8998,Indian,19@gmail.com,(919) 533-7903,Indian
130@example.com: Akshay Agarwal,            1a@gmail.com,             India,            1i@gmail.com,             Indian,1i@gmail.com,(755) 565-4727,Indian,15@gmail.com,(972) 228-4536,Indian
142@example.com: Ananya Mehta,            1m@gmail.com,             India,            1i@gmail.com,             Indian,1i@gmail.com,(964) 848-5180,Indian,18@gmail.com,(712) 303-5670,Indian
131@example.com: Aarav Bansal,            1b@gmail.com,             India,            1i@gmail.com,             Indian,1i@gmail.com,(722) 368-5299,Indian,13@gmail.com,(630) 931-6295,Indian
144@example.com: Ishita Gupta,            1g@gmail.com,             India,            1i@gmail.com,             Indian,1i@gmail.com,(458) 722-4415,Indian,17@gmail.com,(964) 271-3152,Indian
133@example.com: Arjun Das,            1d@gmail.com,             India,            1i@gmail.com,             Indian,1i@gmail.com,(628) 949-1775,Indian,19@gmail.com,(343) 783-3275,Indian
150@example.com: Ishita Mehta,            1m@gmail.com,             India,            1i@gmail.com,             Indian,1i@gmail.com,(816) 371-1922,Indian,13@gmail.com,(714) 383-9674,Indian
132@example.com: Aarav Chopra,            1c@gmail.com,             India,            1i@gmail.com,             Indian,1i@gmail.com,(337) 656-6084,Indian,16@gmail.com,(413) 747-3351,Indian
139@example.com: Akshay Joshi,            1j@gmail.com,             India,            1i@gmail.com,             Indian,1i@gmail.com,(450) 533-3876,Indian,15@gmail.com,(531) 243-4370,Indian
145@example.com: Divya Mehta,            1m@gmail.com,             India,            1i@gmail.com,             Indian,1i@gmail.com,(378) 234-2588,Indian,12@gmail.com,(928) 730-7562,Indian
139@example.com: Ishita Bansal,            1b@gmail.com,             India,            1i@gmail.com,             Indian,1i@gmail.com,(620) 983-9619,Indian,19@gmail.com,(328) 230-3116,Indian
130@example.com: Avinash Agarwal,            1a@gmail.com,             India,            1i@gmail.com,             Indian,1i@gmail.com,(618) 429-4534,Indian,14@gmail.com,(270) 424-1223,Indian
133@example.com: Aarav Das,            1d@gmail.com,             India,            1i@gmail.com,             Indian,1i@gmail.com,(622) 859-8031,Indian,18@gmail.com,(584) 627-7689,Indian
137@example.com: Gaurav Bansal,            1b@gmail.com,             India,            1i@gmail.com,             Indian,1i@gmail.com,(282) 441-3467,Indian,14@gmail.com,(963) 976-2634,Indian
145@example.com: Avinash Patel,            1p@gmail.com,             India,            1i@gmail.com,             Indian,1i@gmail.com,(808) 341-9608,Indian,13@gmail.com,(313) 485-7510,Indian
143@example.com: Divya Kumar,            1k@gmail.com,             India,            1i@gmail.com,             Indian,1i@gmail.com,(659) 959-2047,Indian,19@gmail.com,(289) 951-3156,Indian
140@example.com: Akshay Kumar,            1k@gmail.com,             India,            1i@gmail.com,             Indian,1i@gmail.com,(998) 351-6514,Indian,13@gmail.com,(420) 352-1041,Indian
141@example.com: Ishita Das,            1d@gmail.com,             India,            1i@gmail.com,             Indian,1i@gmail.com,(975) 667-9333,Indian,16@gmail.com,(856) 201-3538,Indian
139@example.com: Akshay Joshi,            1j@gmail.com,             India,            1i@gmail.com,             Indian,1i@gmail.com,(958) 347-6763,Indian,13@gmail.com,(209) 723-5847,Indian
130@example.com: Arya Agarwal,            1a@gmail.com,             India,            1i@gmail.com,             Indian,1i@gmail.com,(759) 896-6264,Indian,18@gmail.com,(541) 776-4775,Indian
145@example.com: Ananya Patel,            1p@gmail.com,             India,            1i@gmail.com,             Indian,1i@gmail.com,(654) 853-7519,Indian,18@gmail.com,(995) 632-3278,Indian
153@example.com: Ishita Patel,            1p@gmail.com,             India,            1i@gmail.com,             Indian,1i@gmail.com,(456) 442-4007,Indian,14@gmail.com,(805) 425-9423,Indian
132@example.com: Arjun Chopra,            1c@gmail.com,             India,            1i@gmail.com,             Indian,1i@gmail.com,(430) 502-3907,Indian,15@gmail.com,(580) 270-4139,Indian
132@example.com: Akshay Chopra,            1c@gmail.com,             India,            1i@gmail.com,             Indian,1i@gmail.com,(746) 503-2203,Indian,15@gmail.com,(391) 652-4395,Indian
132@example.com: Ananya Chopra,            1c@gmail.com,             India,            1i@gmail.com,             Indian,1i@gmail.com,(867) 743-8612,Indian,17@gmail.com,(905) 966-9726,Indian
148@example.com: Aditi Singh,            1s@gmail.com,             India,            1i@gmail.com,             Indian,1i@gmail.com,(799) 369-9731,Indian,13@gmail.com,(675) 760-4058,Indian
145@example.com: Arya Patel,            1p@gmail.com,             India,            1i@gmail.com,             Indian,1i@gmail.com,(379) 847-6679,Indian,18@gmail.com,(743) 784-3781,Indian
139@example.com: Arya Joshi,            1j@gmail.com,             India,            1i@gmail.com,             Indian,1i@gmail.com,(846) 951-3730,Indian,19@gmail.com,(266) 554-3186,Indian
132@example.com: Arya Chopra,            1c@gmail.com,             India,            1i@gmail.com,             Indian,1i@gmail.com,(817) 221-8302,Indian,12@gmail.com,(212) 576-7677,Indian
132@example.com: Aarav Chopra,            1c@gmail.com,             India,            1i@gmail.com,             Indian,1i@gmail.com,(924) 321-9202,Indian,13@gmail.com,(516) 947-1709,Indian
140@example.com: Arjun Kumar,            1k@gmail.com,             India,            1i@gmail.com,             Indian,1i@gmail.com,(293) 524-3054,Indian,15@gmail.com,(525) 511-9935,Indian
153@example.com: Ishita Patel,            1p@gmail.com,             India,            1i@gmail.com,             Indian,1i@gmail.com,(670) 212-5167,Indian,12@gmail.com,(352) 632-6767,Indian
139@example.com: Avinash Joshi,            1j@gmail.com,             India,            1i@gmail.com,             Indian,1i@gmail.com,(949) 561-8559,Indian,15@gmail.com,(490) 653-5578,Indian
131@example.com: Arya Bansal,            1b@gmail.com,             India,            1i@gmail.com,             Indian,1i@gmail.com,(805) 981-9743,Indian,19@gmail.com,(748) 876-1817,Indian
136@example.com: Arjun Gupta,            1g@gmail.com,             India,            1i@gmail.com,             Indian,1i@gmail.com,(573) 263-6195,Indian,12@gmail.com,(782) 423-4535,Indian
140@example.com: Ananya Kumar,            1k@gmail.com,             India,            1i@gmail.com,             Indian,1i@gmail.com,(935) 553-3590,Indian,15@gmail.com,(828) 271-1863,Indian
136@example.com: Avinash Gupta,            1g@gmail.com,             India,            1i@gmail.com,             Indian,1i@gmail.com,(462) 722-2211,Indian,17@gmail.com,(289) 612-7624,Indian
142@example.com: Ananya Mehta,            1m@gmail.com,             India,            1i@gmail.com,             Indian,1i@gmail.com,(356) 333-2425,Indian,13@gmail.com,(685) 347-9259,Indian
131@example.com: Aarav Bansal,            1b@gmail.com,             India,            1i@gmail.com,             Indian,1i@gmail.com,(843) 792-9990,Indian,17@gmail.com,(423) 417-5255,Indian
143@example.com: Divya Kumar,            1k@gmail.com,             India,            1i@gmail.com,             Indian,1i@gmail.com,(595) 551-4488,Indian,15@gmail.com,(250) 366-3256,Indian
148@example.com: Ishita Kumar,            1k@gmail.com,             India,            1i@gmail.com,             Indian,1i@gmail.com,(993) 476-7802,Indian,14@gmail.com,(587) 523-2676,Indian
139@example.com: Akshay Joshi,            1j@gmail.com,             India,            1i@gmail.com,             Indian,1i@gmail.com,(830) 226-3312,Indian,12@gmail.com,(431) 958-4601,Indian
136@example.com: Aditi Gupta,            1g@gmail.com,             India,            1i@gmail.com,             Indian,1i@gmail.com,(675) 548-4172,Indian,15@gmail.com,(582) 778-3784,Indian
131@example.com: Aarav Bansal,            1b@gmail.com,             India,            1i@gmail.com,             Indian,1i@gmail.com,(486) 813-4202,Indian,18@gmail.com,(617) 327-4230,Indian
147@example.com: Ishita Joshi,            1j@gmail.com,             India,            1i@gmail.com,             Indian,1i@gmail.com,(419) 523-7865,Indian,15@gmail.com,(489) 368-8062,Indian
139@example.com: Divya Gupta,            1g@gmail.com,             India,            1i@gmail.com,             Indian,1i@gmail.com,(616) 239-9452,Indian,12@gmail.com,(369) 386-3777,Indian
139@example.com: Divya Gupta,            1g@gmail.com,             India,            1i@gmail.com,             Indian,1i@gmail.com,(880) 710-5655,Indian,17@gmail.com,(500) 736-2896,Indian
139@example.com: Gaurav Das,            1d@gmail.com,             India,            1i@gmail.com,             Indian,1i@gmail.com,(897) 551-2895,Indian,15@gmail.com,(598) 626-9747,Indian
146@example.com: Gaurav Kumar,            1k@gmail.com,             India,            1i@gmail.com,             Indian,1i@gmail.com,(706) 947-9068,Indian,19@gmail.com,(967) 583-9989,Indian
131@example.com: Arya Bansal,            1b@gmail.com,             India,            1i@gmail.com,             Indian,1i@gmail.com,(874) 603-4859,Indian,16@gmail.com,(321) 642-4644,Indian
151@example.com: Divya Singh,            1s@gmail.com,             India,            1i@gmail.com,             Indian,1i@gmail.com,(942) 624-5198,Indian,16@gmail.com,(205) 439-8738,Indian
145@example.com: Akshay Patel,            1p@gmail.com,             India,            1i@gmail.com,             Indian,1i@gmail.com,(968) 843-9403,Indian,18@gmail.com,(625) 775-1299,Indian
142@example.com: Arjun Mehta,            1m@gmail.com,             India,            1i@gmail.com,             Indian,1i@gmail.com,(924) 319-8436,Indian,13@gmail.com,(672) 943-1957,Indian
145@example.com: Aarav Patel,            1p@gmail.com,             India,            1i@gmail.com,             Indian,1i@gmail.com,(640) 739-5279,Indian,17@gmail.com,(583) 778-1889,Indian
130@example.com: Aditi Agarwal,            1a@gmail.com,             India,            1i@gmail.com,             Indian,1i@gmail.com,(456) 740-1433,Indian,17@gmail.com,(552) 934-6610,Indian
140@example.com: Arjun Kumar,            1k@gmail.com,             India,            1i@gmail.com,             Indian,1i@gmail.com,(671) 430-8966,Indian,14@gmail.com,(747) 835-7490,Indian
141@example.com: Ishita Das,            1d@gmail.com,             India,            1i@gmail.com,             Indian,1i@gmail.com,(267) 647-5348,Indian,16@gmail.com,(928) 823-2698,Indian
140@example.com: Avinash Kumar,            1k@gmail.com,             India,            1i@gmail.com,             Indian,1i@gmail.com,(412) 875-4641,Indian,18@gmail.com,(337) 938-9402,Indian
148@example.com: Aditi Singh,            1s@gmail.com,             India,            1i@gmail.com,             Indian,1i@gmail.com,(903) 547-9996,Indian,15@gmail.com,(704) 466-6407,Indian
130@example.com: Aarav Agarwal,            1a@gmail.com,             India,            1i@gmail.com,             Indian,1i@gmail.com,(633) 453-9926,Indian,14@gmail.com,(946) 560-3457,Indian
142@example.com: Ananya Mehta,            1m@gmail.com,             India,            1i@gmail.com,             Indian,1i@gmail.com,(624) 894-4942,Indian,18@gmail.com,(583) 320-3972,Indian
143@example.com: Divya Kumar,            1k@gmail.com,             India,            1i@gmail.com,             Indian,1i@gmail.com,(381) 519-7897,Indian,15@gmail.com,(390) 567-9725,Indian
151@example.com: Divya Singh,            1s@gmail.com,             India,            1i@gmail.com,             Indian,1i@gmail.com,(887) 589-6903,Indian,15@gmail.com,(993) 725-5332,Indian
130@example.com: Aditi Agarwal,            1a@gmail.com,             India,            1i@gmail.com,             Indian,1i@gmail.com,(252) 727-7807,Indian,17@gmail.com,(734) 356-7814,Indian
148@example.com: Avinash Singh,            1s@gmail.com,             India,            1i@gmail.com,             Indian,1i@gmail.com,(693) 490-4570,Indian,14@gmail.com,(416) 334-2458,Indian
132@example.com: Arya Chopra,            1c@gmail.com,             India,            1i@gmail.com,             Indian,1i@gmail.com,(257) 241-9646,Indian,12@gmail.com,(977) 488-9342,Indian
148@example.com: Gaurav Mehta,            1m@gmail.com,             India,            1i@gmail.com,             Indian,1i@gmail.com,(202) 307-1958,Indian,13@gmail.com,(854) 612-1038,Indian
145@example.com: Aarav Patel,            1p@gmail.com,             India,            1i@gmail.com,             Indian,1i@gmail.com,(245) 788-8821,Indian,17@gmail.com,(637) 983-8385,Indian
145@example.com: Divya Mehta,            1m@gmail.com,             India,            1i@gmail.com,             Indian,1i@gmail.com,(908) 698-1262,Indian,16@gmail.com,(740) 947-6095,Indian
131@example.com: Arjun Bansal,            1b@gmail.com,             India,            1i@gmail.com,             Indian,1i@gmail.com,(747) 222-4235,Indian,12@gmail.com,(254) 765-4009,Indian
131@example.com: Arya Bansal,            1b@gmail.com,             India,            1i@gmail.com,             Indian,1i@gmail.com,(888) 382-4293,Indian,13@gmail.com,(616) 213-1889,Indian
131@example.com: Avinash Bansal,            1b@gmail.com,             India,            1i@gmail.com,             Indian,1i@gmail.com,(307) 314-5577,Indian,13@gmail.com,(229) 890-7341,Indian
148@example.com: Ananya Singh,            1s@gmail.com,             India,            1i@gmail.com,             Indian,1i@gmail.com,(254) 368-7123,Indian,13@gmail.com,(280) 635-7333,Indian
143@example.com: Divya Kumar,            1k@gmail.com,             India,            1i@gmail.com,             Indian,1i@gmail.com,(815) 925-9659,Indian,19@gmail.com,(582) 706-8929,Indian
136@example.com: Arjun Gupta,            1g@gmail.com,             India,            1i@gmail.com,             Indian,1i@gmail.com,(761) 449-7900,Indian,14@gmail.com,(947) 883-5701,Indian
138@example.com: Ishita Agarwal,            1a@gmail.com,             India,            1i@gmail.com,             Indian,1i@gmail.com,(776) 945-9540,Indian,19@gmail.com,(595) 295-4920,Indian
156@example.com: Ishita Singh,            1s@gmail.com,             India,            1i@gmail.com,             Indian,1i@gmail.com,(228) 563-4420,Indian,15@gmail.com,(403) 462-4582,Indian
145@example.com: Avinash Patel,            1p@gmail.com,             India,            1i@gmail.com,             Indian,1i@gmail.com,(738) 774-5143,Indian,17@gmail.com,(610) 921-3531,Indian
132@example.com: Arya Chopra,            1c@gmail.com,             India,            1i@gmail.com,             Indian,1i@gmail.com,(976) 641-2302,Indian,16@gmail.com,(645) 248-8356,Indian
154@example.com: Gaurav Singh,            1s@gmail.com,             India,            1i@gmail.com,             Indian,1i@gmail.com,(588) 684-1229,Indian,16@gmail.com,(621) 403-8545,Indian
148@example.com: Ishita Kumar,            1k@gmail.com,             India,            1i@gmail.com,             Indian,1i@gmail.com,(621) 990-5399,Indian,19@gmail.com,(381) 294-7351,Indian
142@example.com: Ananya Mehta,            1m@gmail.com,             India,            1i@gmail.com,             Indian,1i@gmail.com,(501) 918-8441,Indian,19@gmail.com,(713) 577-5553,Indian
